<?xml version="1.0" encoding="UTF-8" ?>
<KeyBindings Version="1.0" Emulation="Vim">
	<Mode Name="default">
		<Assign Key=", ," Command="vi-reverse-repeat-char-search" />
		<Assign Key=", c i" Command="comment" />
		<Assign Key=", c m" Command="box" />
		<Assign Key=", c Space" Command="toggle-comment" />
		<Assign Key=", c u" Command="box-erase" />
		<Assign Key="Ctrl+P" Command="cursor-up" />
	</Mode>
	<Mode Name="vi-command">
		<Remove Key="," />
		<Remove Key="Ctrl+P" />
	</Mode>
	<Mode Name="vi-visual">
		<Remove Key="," />
	</Mode>
</KeyBindings>
